id,2000,2001,2002,2003,2004,2005,2006,chrt,sex,subpop
1,PB,PB,0,0,0,0,PB,2000,Male,GG
2,PB,0,0,0,0,0,0,2000,Male,NA
3,PB,0,0,0,0,0,0,2000,Female,GG
4,PB,0,0,0,0,0,0,2000,Male,GG
5,PB,0,0,0,0,0,0,2000,Female,GG
6,PB,0,0,0,0,0,0,2000,Male,GG
7,PB,0,0,0,0,0,0,2000,Male,GG
8,PB,0,0,0,0,0,0,2000,Male,GG
9,PB,PB,B,B,B,B,B,2000,Female,GG
10,PB,PB,B,PO,B,B,B,2000,Female,NA
11,PB,0,B,PO,B,B,B,2000,Male,GG
12,PB,PB,0,B,B,B,B,2000,Male,GG
13,PB,PB,PB,B,B,B,B,2000,Male,GG
14,PB,0,PB,B,B,B,0,2000,Female,BO
15,PB,PB,0,B,B,B,B,2000,Female,BO
16,PB,0,0,0,B,0,0,2000,Male,GG
17,PB,0,0,0,0,B,0,2000,Female,BO
18,PB,PB,0,0,0,0,0,2000,Female,GG
19,0,PB,0,0,0,0,0,2001,Male,NA
20,0,PB,0,0,0,0,0,2001,Male,NA
21,0,PB,0,PB,0,0,PB,2001,Female,NA
22,0,PB,0,0,0,0,0,2001,Female,GG
23,0,PB,0,0,0,0,0,2001,Male,NA
24,0,PB,0,0,0,0,PB,2001,Female,BO
25,0,PB,0,0,0,0,PB,2001,Female,BO
26,0,PB,0,0,0,0,PB,2001,Male,GG
27,0,PB,0,0,0,0,PB,2001,Female,BO
28,0,PB,0,0,0,0,PB,2001,Female,GG
29,0,PB,0,0,PB,PB,PB,2001,Male,GG
30,0,PB,0,0,0,0,PB,2001,Female,GG
31,0,PB,0,0,0,0,PB,2001,Female,GG
32,0,PB,0,0,0,0,PB,2001,Male,GG
33,0,PB,0,PB,0,PB,PB,2001,Female,GG
34,0,PB,0,PB,PB,PB,PB,2001,Female,GG
35,0,PB,0,B,0,0,PO,2001,Male,GG
36,0,PB,0,B,B,B,B,2001,Female,NA
37,0,PB,0,B,B,B,0,2001,Female,GG
38,0,PB,0,0,B,PO,0,2001,Male,GG
39,0,PB,0,PB,B,B,B,2001,Female,NA
40,0,PB,0,0,B,B,B,2001,Male,GG
41,0,PB,0,0,B,B,B,2001,Female,NA
42,0,PB,0,PB,B,0,PO,2001,Male,GG
43,0,PB,0,PB,B,B,B,2001,Male,GG
44,0,PB,0,0,B,B,0,2001,Female,NA
45,0,PB,0,0,B,B,0,2001,Male,NA
46,0,PB,0,PB,B,B,B,2001,Female,GG
47,0,PB,0,PB,B,0,0,2001,Female,GG
48,0,PB,0,0,B,B,B,2001,Male,GG
49,0,PB,0,PB,B,0,0,2001,Female,NA
50,0,PB,0,PB,B,B,0,2001,Female,NA
51,0,PB,0,PB,0,B,0,2001,Female,NA
52,0,PB,0,PB,PB,B,B,2001,Female,GG
53,0,PB,0,PB,0,B,B,2001,Female,NA
54,0,PB,0,PB,0,B,B,2001,Female,BO
55,0,PB,0,PB,PB,B,PO,2001,Female,GG
56,0,PB,0,0,PB,B,PO,2001,Male,GG
57,0,PB,0,0,B,0,B,2001,Female,NA
58,0,PB,0,0,0,0,0,2001,Female,GG
59,0,PB,0,0,0,0,0,2001,Female,NA
60,0,0,PB,0,0,PB,PB,2002,Male,NA
61,0,0,PB,PB,0,0,PB,2002,Female,NA
62,0,0,PB,0,0,0,PB,2002,Female,NA
63,0,0,PB,PB,0,0,PB,2002,Male,NA
64,0,0,PB,0,0,PB,PB,2002,Male,BO
65,0,0,PB,0,0,0,PB,2002,Female,GG
66,0,0,PB,0,0,0,PB,2002,Male,BO
67,0,0,PB,0,0,0,0,2002,UNK,BO
68,0,0,PB,0,0,0,PB,2002,Female,GG
69,0,0,PB,0,0,0,PB,2002,Male,GG
70,0,0,PB,PB,0,PB,PB,2002,Female,GG
71,0,0,PB,0,0,0,PB,2002,Female,GG
72,0,0,PB,PB,0,0,PB,2002,Female,NA
73,0,0,PB,0,0,0,0,2002,UNK,GG
74,0,0,PB,0,0,0,PB,2002,Female,GG
75,0,0,PB,0,0,0,PB,2002,Female,NA
76,0,0,PB,0,0,0,0,2002,UNK,GG
77,0,0,PB,0,0,0,PB,2002,Male,GG
78,0,0,PB,0,0,0,PB,2002,Female,GG
79,0,0,PB,0,0,0,0,2002,Male,GG
80,0,0,PB,0,0,0,PB,2002,Male,GG
81,0,0,PB,0,B,B,B,2002,Female,GG
82,0,0,PB,PB,B,B,B,2002,Female,NA
83,0,0,PB,0,B,B,B,2002,Male,GG
84,0,0,PB,0,B,B,B,2002,Female,GG
85,0,0,PB,PB,B,0,0,2002,Female,GG
86,0,0,PB,0,0,B,B,2002,Female,GG
87,0,0,PB,0,PB,B,B,2002,Female,GG
88,0,0,PB,PB,PB,B,B,2002,Female,NA
89,0,0,PB,0,PB,B,B,2002,Female,GG
90,0,0,PB,PB,PB,B,PO,2002,Male,NA
91,0,0,PB,0,PB,B,B,2002,Male,GG
92,0,0,PB,0,PB,B,B,2002,Female,NA
93,0,0,PB,0,0,B,B,2002,Male,GG
94,0,0,PB,PB,PB,0,B,2002,Male,GG
95,0,0,PB,0,PB,0,B,2002,Male,BO
96,0,0,PB,PB,PB,PB,B,2002,Male,NA
97,0,0,PB,0,0,PB,B,2002,Male,GG
98,0,0,PB,0,PB,PB,PB,2002,Female,GG
99,0,0,PB,0,B,0,PO,2002,Female,GG
100,0,0,0,PB,0,0,0,2003,Male,GG
101,0,0,0,PB,0,0,0,2003,Female,GG
102,0,0,0,PB,0,0,0,2003,Female,GG
103,0,0,0,PB,0,0,0,2003,Female,GG
104,0,0,0,PB,0,0,0,2003,Male,GG
105,0,0,0,PB,PB,B,PO,2003,Female,GG
106,0,0,0,PB,0,0,0,2003,Female,GG
107,0,0,0,PB,0,0,0,2003,Female,GG
108,0,0,0,PB,0,B,B,2003,Female,GG
109,0,0,0,PB,0,0,0,2003,Female,GG
110,0,0,0,PB,PB,0,0,2003,Female,GG
111,0,0,0,PB,0,B,0,2003,Female,BO
112,0,0,0,PB,0,0,0,2003,Female,BO
113,0,0,0,PB,0,B,PO,2003,Female,BO
114,0,0,0,PB,PB,0,0,2003,Female,BO
115,0,0,0,PB,0,0,0,2003,Male,BO
116,0,0,0,PB,0,0,0,2003,Female,BO
117,0,0,0,PB,PB,PB,PB,2003,Male,BO
118,0,0,0,PB,0,0,0,2003,Female,BO
119,0,0,0,PB,0,B,0,2003,Female,BO
120,0,0,0,PB,0,0,0,2003,Female,BO
121,0,0,0,PB,0,0,0,2003,Female,BO
122,0,0,0,PB,0,0,0,2003,Female,BO
123,0,0,0,0,PB,0,0,2004,Male,GG
124,0,0,0,0,PB,0,0,2004,Female,GG
125,0,0,0,0,PB,0,0,2004,Female,GG
126,0,0,0,0,PB,PB,PB,2004,Female,GG
127,0,0,0,0,PB,0,0,2004,Male,GG
128,0,0,0,0,PB,0,B,2004,Female,GG
129,0,0,0,0,PB,0,0,2004,Female,GG
130,0,0,0,0,PB,0,0,2004,Female,GG
131,0,0,0,0,PB,0,B,2004,Female,GG
132,0,0,0,0,PB,0,0,2004,Female,GG
133,0,0,0,0,PB,0,0,2004,Female,GG
134,0,0,0,0,PB,PB,0,2004,Female,BO
135,0,0,0,0,PB,0,0,2004,Female,BO
136,0,0,0,0,PB,0,0,2004,Female,BO
137,0,0,0,0,PB,0,B,2004,Female,BO
138,0,0,0,0,PB,0,0,2004,Male,BO
139,0,0,0,0,PB,0,0,2004,Female,BO
140,0,0,0,0,PB,PB,0,2004,Male,BO
141,0,0,0,0,PB,0,0,2004,Female,BO
142,0,0,0,0,PB,PB,PB,2004,Female,BO
143,0,0,0,0,PB,0,0,2004,Female,BO
144,0,0,0,0,PB,0,0,2004,Female,BO
145,0,0,0,0,PB,0,0,2004,Female,BO
146,0,0,0,0,0,PB,0,2005,Male,GG
147,0,0,0,0,0,PB,0,2005,Female,GG
148,0,0,0,0,0,PB,0,2005,Female,GG
149,0,0,0,0,0,PB,0,2005,Female,GG
150,0,0,0,0,0,PB,0,2005,Male,GG
151,0,0,0,0,0,PB,PB,2005,Female,GG
152,0,0,0,0,0,PB,0,2005,Female,GG
153,0,0,0,0,0,PB,PB,2005,Female,GG
154,0,0,0,0,0,PB,0,2005,Female,GG
155,0,0,0,0,0,PB,0,2005,Female,GG
156,0,0,0,0,0,PB,0,2005,Female,GG
157,0,0,0,0,0,PB,0,2005,Female,BO
158,0,0,0,0,0,PB,0,2005,Female,BO
159,0,0,0,0,0,PB,0,2005,Female,BO
160,0,0,0,0,0,PB,0,2005,Female,BO
161,0,0,0,0,0,PB,PB,2005,Male,BO
162,0,0,0,0,0,PB,0,2005,Female,BO
163,0,0,0,0,0,PB,0,2005,Male,BO
164,0,0,0,0,0,PB,0,2005,Female,BO
165,0,0,0,0,0,PB,0,2005,Female,BO
166,0,0,0,0,0,PB,0,2005,Female,BO
167,0,0,0,0,0,PB,0,2005,Female,BO
168,0,0,0,0,0,PB,0,2005,Female,BO
